Action,Date,Price,Capital
Buy,2019-01-03,2447.89,9876.216618924873
Buy,2019-01-04,2531.94,10045.769990771778
Buy,2019-01-07,2549.69,10080.98259796946
Buy,2019-01-08,2574.41,10129.851654564929
Buy,2019-01-09,2584.96,10150.607854035034
Buy,2019-01-10,2596.64,10173.540336498036
Buy,2019-01-11,2596.26,10172.795923462754
Buy,2019-01-14,2582.61,10146.053866743614
Buy,2019-01-15,2610.3,10200.44539925726
Buy,2019-01-16,2616.1,10211.777924889504
Buy,2019-01-17,2635.96,10250.539040593856
Buy,2019-01-18,2670.71,10318.105739568924
Buy,2019-01-22,2632.9,10245.067562826953
Buy,2019-01-23,2638.7,10256.351962512545
Buy,2019-01-24,2642.33,10263.406678399899
Buy,2019-01-25,2664.76,10306.968272106307
Buy,2019-01-28,2643.85,10266.52960097462
Buy,2019-01-29,2640.0,10259.054491009276
Buy,2019-01-30,2681.05,10338.814753671384
Buy,2019-01-31,2704.1,10383.258102372849
Buy,2019-02-01,2706.53,10387.923484050443
Buy,2019-02-04,2724.87,10423.118829510771
Buy,2019-02-05,2737.7,10447.657360630168
Buy,2019-02-06,2731.61,10436.036979776489
Buy,2019-02-07,2706.05,10387.211359500701
Buy,2019-02-08,2707.88,10390.723599996605
Buy,2019-02-11,2709.8,10394.407328469062
Buy,2019-02-12,2744.73,10461.400584056822
Buy,2019-02-13,2753.03,10477.218100688271
Buy,2019-02-14,2745.73,10463.327280004329
Buy,2019-02-15,2775.6,10520.241030783489
Buy,2019-02-19,2779.76,10528.12476811741
Buy,2019-02-20,2784.7,10537.479700981128
Buy,2019-02-21,2774.88,10518.899952594653
Buy,2019-02-22,2792.67,10552.618749471754
Buy,2019-02-25,2796.11,10559.118086754388
Buy,2019-02-26,2793.9,10554.945208904137
Buy,2019-02-27,2792.38,10552.07404015838
Buy,2019-02-28,2784.49,10537.1663513451
Buy,2019-03-01,2803.69,10573.495013675694
Buy,2019-03-04,2792.81,10552.979260195674
Buy,2019-03-05,2789.65,10547.009034068187
Buy,2019-03-06,2771.45,10512.604079249475
Buy,2019-03-07,2748.93,10469.892891267607
Buy,2019-03-08,2743.07,10458.733354221771
Buy,2019-03-11,2783.3,10535.427503995626
Buy,2019-03-12,2791.52,10550.984794636743
Buy,2019-03-13,2810.92,10587.647456021214
Buy,2019-03-14,2808.48,10583.052188316567
Buy,2019-03-15,2822.48,10609.429931906772
Buy,2019-03-18,2832.94,10629.088997176987
Buy,2019-03-19,2832.57,10628.39488383026
Buy,2019-03-20,2824.23,10612.7481719518
Buy,2019-03-21,2854.88,10670.335679249421
Buy,2019-03-22,2800.71,10569.103388619878
Buy,2019-03-25,2798.36,10564.669264243692
Buy,2019-03-26,2818.46,10602.611103787442
Buy,2019-03-27,2805.37,10577.989824906674
Buy,2019-03-28,2815.44,10596.974906649333
Buy,2019-03-29,2834.4,10632.65647759918
Buy,2019-04-01,2867.19,10694.158877736858
Buy,2019-04-02,2867.24,10694.252123727512
Buy,2019-04-03,2873.4,10705.7399296109
Buy,2019-04-04,2879.39,10716.89872792968
Buy,2019-04-05,2892.74,10741.742635496536
Buy,2019-04-08,2895.77,10747.368353705839
Buy,2019-04-09,2878.2,10714.76368172315
Buy,2019-04-10,2888.21,10733.395949191368
Buy,2019-04-11,2888.32,10733.600344570239
Buy,2019-04-12,2907.41,10769.07155803998
Buy,2019-04-15,2905.58,10765.682390197946
Buy,2019-04-16,2907.06,10768.424219701436
Buy,2019-04-17,2900.45,10756.181733462377
Buy,2019-04-18,2905.03,10764.674090224133
Buy,2019-04-22,2907.97,10770.121218450908
Buy,2019-04-23,2933.68,10817.7317193375
Buy,2019-04-24,2927.25,10805.876640570332
Buy,2019-04-25,2926.17,10803.883242881064
Buy,2019-04-26,2939.88,10829.192988941597
Buy,2019-04-29,2943.03,10834.99457912813
Buy,2019-04-30,2945.83,10840.148788365133
Buy,2019-05-01,2923.73,10799.486684947273
Buy,2019-05-02,2917.52,10788.017634741966
Buy,2019-05-03,2945.64,10840.006833768697
Buy,2019-05-06,2932.47,10815.773918341025
Buy,2019-05-07,2884.05,10726.48063092017
Buy,2019-05-08,2879.42,10717.870585095521
Buy,2019-05-09,2870.72,10701.67887390189
Buy,2019-05-10,2881.4,10721.585714411114
Buy,2019-05-13,2811.87,10592.226400410453
Buy,2019-05-14,2834.41,10634.680138148195
Buy,2019-05-15,2850.96,10665.727861710833
Buy,2019-05-16,2876.32,10713.165015962908
Buy,2019-05-17,2859.53,10681.896930246086
Buy,2019-05-20,2840.23,10645.848941458811
Buy,2019-05-21,2864.36,10691.071394386461
Buy,2019-05-22,2856.27,10675.973646969833
Buy,2019-05-23,2822.24,10612.376125866018
Buy,2019-05-24,2826.06,10619.558235963106
Buy,2019-05-28,2802.39,10575.085552537197
Buy,2019-05-29,2783.02,10538.538282679569
Buy,2019-05-30,2788.86,10549.595526891046
Buy,2019-05-31,2752.06,10479.992693584678
Buy,2019-06-03,2744.45,10465.503048664476
Buy,2019-06-04,2803.27,10577.653186091364
Buy,2019-06-05,2826.15,10620.820042101983
Buy,2019-06-06,2843.49,10653.402357182578
Buy,2019-06-07,2873.34,10709.320271499475
Buy,2019-06-10,2886.73,10734.273426788333
Buy,2019-06-11,2885.72,10732.395589900045
Buy,2019-06-12,2879.84,10721.461319411465
Buy,2019-06-13,2891.64,10743.426644493597
Buy,2019-06-14,2886.98,10734.769901578964
Buy,2019-06-17,2889.67,10739.77106733613
Buy,2019-06-18,2917.75,10791.952245735532
Buy,2019-06-19,2926.46,10808.060189195452
Buy,2019-06-20,2954.18,10859.248216444157
Buy,2019-06-21,2950.46,10852.4110563244
Buy,2019-06-24,2945.35,10843.013230138344
Buy,2019-06-25,2917.38,10791.528842875885
Buy,2019-06-26,2913.78,10784.870556359498
Buy,2019-06-27,2924.92,10805.486982101635
Buy,2019-06-28,2941.76,10836.592858634769
Buy,2019-07-01,2964.33,10878.163534152041
Buy,2019-07-02,2973.01,10894.089976126525
Buy,2019-07-03,2995.82,10935.88166070805
Buy,2019-07-05,2990.41,10926.007382583124
Buy,2019-07-08,2975.95,10899.591261256592
Buy,2019-07-09,2979.63,10906.330369077863
Buy,2019-07-10,2993.07,10930.927564058517
Buy,2019-07-11,2999.91,10943.417673634664
Buy,2019-07-12,3013.77,10968.697726862356
Buy,2019-07-15,3014.3,10969.662201556052
Buy,2019-07-16,3004.04,10950.993068724554
Buy,2019-07-17,2984.42,10915.231480328865
Buy,2019-07-18,2995.11,10934.780307994663
Buy,2019-07-19,2976.61,10901.009689269824
Buy,2019-07-22,2985.03,10916.427648220384
Buy,2019-07-23,3005.47,10953.802780317821
Buy,2019-07-24,3019.56,10979.479143943923
Buy,2019-07-25,3003.67,10950.59017939325
Buy,2019-07-26,3025.86,10991.039628913459
Buy,2019-07-29,3020.97,10982.158487058681
Buy,2019-07-30,3013.18,10967.998959719087
Buy,2019-07-31,2980.38,10908.302830400762
Buy,2019-08-01,2953.56,10859.221726328236
Buy,2019-08-02,2932.05,10819.679299674754
Buy,2019-08-05,2844.74,10658.586173763768
Buy,2019-08-06,2881.77,10727.957618256845
Buy,2019-08-07,2883.98,10732.071198857717
Buy,2019-08-08,2938.09,10832.75018632819
Buy,2019-08-09,2918.65,10796.9125054501
Buy,2019-08-12,2882.7,10730.417892431935
Buy,2019-08-13,2926.32,10811.602342507886
Buy,2019-08-14,2840.6,10653.25148668901
Buy,2019-08-15,2847.6,10666.377720654868
Buy,2019-08-16,2888.68,10743.315281542018
Buy,2019-08-19,2923.65,10808.34389935284
Buy,2019-08-20,2900.51,10765.571153328005
Buy,2019-08-21,2924.43,10809.96204699629
Buy,2019-08-22,2922.95,10807.22668594652
Buy,2019-08-23,2847.11,10667.022427943102
Buy,2019-08-26,2878.38,10725.600739164267
Buy,2019-08-27,2869.16,10708.422666982155
Buy,2019-08-28,2887.94,10743.46849532319
Buy,2019-08-29,2924.58,10811.62099947297
Buy,2019-08-30,2926.46,10815.0960022903
Buy,2019-09-03,2906.27,10777.78867735057
Buy,2019-09-04,2937.78,10836.21547892498
Buy,2019-09-05,2976.0,10906.704105643881
Buy,2019-09-06,2978.71,10911.67002770811
Buy,2019-09-09,2978.43,10911.157176908979
Buy,2019-09-10,2979.39,10912.915605156382
Buy,2019-09-11,3000.93,10952.36398253146
Buy,2019-09-12,3009.57,10968.130499046187
Buy,2019-09-13,3007.39,10964.158083636688
Buy,2019-09-16,2997.96,10946.968425705942
Buy,2019-09-17,3005.7,10961.09962419007
Buy,2019-09-18,3006.73,10962.977711260124
Buy,2019-09-19,3006.79,10963.087095651585
Buy,2019-09-20,2992.07,10936.251726030163
Buy,2019-09-23,2991.78,10935.721739599272
Buy,2019-09-24,2966.6,10889.702066795271
Buy,2019-09-25,2984.87,10923.234537765464
Buy,2019-09-26,2977.62,10909.96872545223
Buy,2019-09-27,2961.79,10880.968247734472
Buy,2019-09-30,2976.74,10908.429761768828
Buy,2019-10-01,2940.25,10841.569941628852
Buy,2019-10-02,2887.61,10744.520329907511
Buy,2019-10-03,2910.63,10787.347937859151
Buy,2019-10-04,2952.01,10864.029009941245
Buy,2019-10-07,2938.79,10839.702794326897
Buy,2019-10-08,2893.06,10755.365429495696
Buy,2019-10-09,2919.4,10804.326793140577
Buy,2019-10-10,2938.13,10838.985462873317
Buy,2019-10-11,2970.27,10898.268917447613
Buy,2019-10-14,2966.15,10890.71053589646
Buy,2019-10-15,2995.68,10944.922676571243
Buy,2019-10-16,2989.69,10933.980238321386
Buy,2019-10-17,2997.95,10949.084593082003
Buy,2019-10-18,2986.2,10927.627973730661
Buy,2019-10-21,3006.72,10965.17316930044
Buy,2019-10-22,2995.99,10945.607611465559
Buy,2019-10-23,3004.52,10961.189444670243
Buy,2019-10-24,3010.29,10971.714597289587
Buy,2019-10-25,3022.55,10994.056833579574
Buy,2019-10-28,3039.42,11024.737837828054
Buy,2019-10-29,3036.89,11020.149365894313
Buy,2019-10-30,3046.77,11038.07544746708
Buy,2019-10-31,3037.56,11021.392095118334
Buy,2019-11-01,3066.91,11074.63842737049
Buy,2019-11-04,3078.27,11095.148956296172
Buy,2019-11-05,3074.62,11088.571025560648
Buy,2019-11-06,3076.78,11092.466029400995
Buy,2019-11-07,3085.18,11107.607949630417
Buy,2019-11-08,3093.08,11121.829178667635
Buy,2019-11-11,3087.01,11110.916188522777
Buy,2019-11-12,3091.84,11119.608373710153
Buy,2019-11-13,3094.04,11123.564454623485
Buy,2019-11-14,3096.63,11128.220184985323
Buy,2019-11-15,3120.46,11171.038585473627
Buy,2019-11-18,3122.03,11173.848833094042
Buy,2019-11-19,3120.18,11170.53822743983
Buy,2019-11-20,3108.46,11149.558875603463
Buy,2019-11-21,3103.54,11140.735241124015
Buy,2019-11-22,3110.29,11152.850432627522
Buy,2019-11-25,3133.64,11194.714544591656
Buy,2019-11-26,3140.52,11207.003709279812
Buy,2019-11-27,3153.63,11230.39534802573
Buy,2019-11-29,3140.98,11207.87138339568
Buy,2019-12-02,3113.87,11159.503454723124
Buy,2019-12-03,3093.2,11122.464828125172
Buy,2019-12-04,3112.76,11157.631550619375
Buy,2019-12-05,3117.43,11166.00131560951
Buy,2019-12-06,3145.91,11217.006104404858
Buy,2019-12-09,3135.96,11199.267324411338
Buy,2019-12-10,3132.52,11193.124790769969
Buy,2019-12-11,3141.63,11209.40072306153
Buy,2019-12-12,3168.57,11257.461961253055
Buy,2019-12-13,3168.8,11257.870539294741
Buy,2019-12-16,3191.45,11298.105134049069
Buy,2019-12-17,3192.52,11299.99909643191
Buy,2019-12-18,3191.14,11297.556825318012
Buy,2019-12-19,3205.37,11322.74597929187
Buy,2019-12-20,3221.22,11350.740489094449
Buy,2019-12-23,3224.01,11355.656105842852
Buy,2019-12-24,3223.38,11354.546608144849
Buy,2019-12-26,3239.91,11383.660559250928
Buy,2019-12-27,3240.02,11383.853805770355
Buy,2019-12-30,3221.29,11350.949752433944
Buy,2019-12-31,3230.78,11367.669841769366
Buy,2020-01-02,3257.85,11415.293453190863
Buy,2020-01-03,3234.85,11374.99820487934
Buy,2020-01-06,3246.28,11395.094380819766
Buy,2020-01-07,3237.18,11379.122967561289
Buy,2020-01-08,3253.05,11407.015559492414
Buy,2020-01-09,3274.7,11444.974073327585
Buy,2020-01-10,3265.35,11428.6350945531
Buy,2020-01-13,3288.13,11468.499780950258
Buy,2020-01-14,3283.15,11459.815037812194
Buy,2020-01-15,3289.29,11470.530854075869
Buy,2020-01-16,3316.81,11518.515222906857
Buy,2020-01-17,3329.62,11540.758308884866
Buy,2020-01-21,3320.79,11525.455527205957
Buy,2020-01-22,3321.75,11527.121461713426
Buy,2020-01-23,3325.54,11533.69748193468
Buy,2020-01-24,3295.47,11481.552825235049
Buy,2020-01-27,3243.63,11391.24648069843
Buy,2020-01-28,3276.24,11448.507720071535
Buy,2020-01-29,3273.4,11443.54566571578
Buy,2020-01-30,3283.66,11461.479737098782
Buy,2020-01-31,3225.52,11360.012101607452
Buy,2020-02-03,3248.92,11401.218524630347
Buy,2020-02-04,3297.59,11486.615719020137
Buy,2020-02-05,3334.69,11551.23161171384
Buy,2020-02-06,3345.78,11570.439267983824
Buy,2020-02-07,3327.71,11539.194261203273
Buy,2020-02-10,3352.09,11581.464404347978
Buy,2020-02-11,3357.75,11591.242048821816
Buy,2020-02-12,3379.45,11628.69718283409
Buy,2020-02-13,3373.94,11619.217219899676
Buy,2020-02-14,3380.16,11629.927477211271
Buy,2020-02-18,3370.29,11612.947898700184
Buy,2020-02-19,3386.15,11640.272157691752
Buy,2020-02-20,3373.23,11618.065179814608
Buy,2020-02-21,3337.75,11556.965143265095
Buy,2020-02-24,3225.89,11363.307421607446
Buy,2020-02-25,3128.21,11191.266857771943
Buy,2020-02-26,3116.39,11170.123652191298
Buy,2020-02-27,2978.76,10923.469010402066
Buy,2020-02-28,2954.22,10878.473453607416
Buy,2020-03-02,3090.23,11128.891698427562
Buy,2020-03-03,3003.37,10972.486587331394
Buy,2020-03-04,3130.12,11204.0202769774
Buy,2020-03-05,3023.94,11013.988764925234
Buy,2020-03-06,2972.37,10920.072979458724
Buy,2020-03-09,2746.56,10505.275750397137
Buy,2020-03-10,2882.23,10764.736814611351
Buy,2020-03-11,2741.38,10501.709023571426
Sell,2020-03-12,2480.64,11001.131870970548
Sell,2020-03-13,2711.02,10490.287741948563
Sell,2020-03-16,2386.13,11118.868420896279
Sell,2020-03-17,2529.19,10785.553531034155
Sell,2020-03-18,2398.1,11065.065590702125
Sell,2020-03-19,2409.39,11039.019014137548
Sell,2020-03-20,2304.92,11278.34231099006
Sell,2020-03-23,2237.4,11443.535392059695
Sell,2020-03-24,2447.33,10906.675334659345
Sell,2020-03-25,2475.56,10843.770976706508
Sell,2020-03-26,2630.07,10505.368543800232
Sell,2020-03-27,2541.47,10682.317380329432
Sell,2020-03-30,2626.65,10503.302913415311
Sell,2020-03-31,2584.59,10587.396515634535
Sell,2020-04-01,2470.5,10821.073050107845
Sell,2020-04-02,2526.9,10697.553819177652
Sell,2020-04-03,2488.65,10778.518921394509
Sell,2020-04-06,2663.68,10399.485275278808
Sell,2020-04-07,2659.41,10407.82069885173
Buy,2020-04-08,2749.98,10585.047286834591
Buy,2020-04-09,2789.82,10661.722077907161
Buy,2020-04-13,2761.63,10607.855888444004
Buy,2020-04-14,2846.06,10770.010353861408
Buy,2020-04-15,2783.36,10651.376233500785
Buy,2020-04-16,2799.55,10682.354220757263
Buy,2020-04-17,2874.56,10825.46354012984
Buy,2020-04-20,2823.16,10728.678497208024
Buy,2020-04-21,2736.56,10564.128213508515
Buy,2020-04-22,2799.31,10685.247254457308
Buy,2020-04-23,2797.8,10682.365343673182
Buy,2020-04-24,2836.74,10756.704343330524
Buy,2020-04-27,2878.48,10835.841810862024
Buy,2020-04-28,2863.39,10807.439172503253
Buy,2020-04-29,2939.51,10951.090975053892
Buy,2020-04-30,2912.43,10900.647951624058
Buy,2020-05-01,2830.71,10747.71707421126
Buy,2020-05-04,2842.74,10770.554990564888
Buy,2020-05-05,2868.44,10819.240987746747
Buy,2020-05-06,2848.42,10781.485063869188
Buy,2020-05-07,2881.19,10843.503527709316
Buy,2020-05-08,2929.8,10934.976618078565
Buy,2020-05-11,2930.19,10935.704422174585
Buy,2020-05-12,2870.12,10823.611389872922
Buy,2020-05-13,2820.0,10729.106734516974
Buy,2020-05-14,2852.5,10790.932260912683
Buy,2020-05-15,2863.7,10812.116913204045
Buy,2020-05-18,2953.91,10982.414267455562
Buy,2020-05-19,2922.94,10924.842207057125
Buy,2020-05-20,2971.61,11015.797216434237
Buy,2020-05-21,2948.51,10972.981215057942
Buy,2020-05-22,2955.45,10985.894939215652
Buy,2020-05-26,2991.77,11053.398653403392
Buy,2020-05-27,3036.13,11135.344920039026
Buy,2020-05-28,3029.73,11123.608563643178
Buy,2020-05-29,3044.31,11150.373690050137
Buy,2020-06-01,3055.73,11171.287668511655
Buy,2020-06-02,3080.82,11217.150295053098
Buy,2020-06-03,3122.87,11293.701533020096
Buy,2020-06-04,3112.35,11274.67900884724
Buy,2020-06-05,3193.93,11422.443288819248
Buy,2020-06-08,3232.39,11491.21548621994
Buy,2020-06-09,3207.18,11446.404442006897
Buy,2020-06-10,3190.14,11415.996617735762
Buy,2020-06-11,3002.1,11079.543671470232
Buy,2020-06-12,3041.31,11151.897841444308
Buy,2020-06-15,3066.59,11198.24628626442
Buy,2020-06-16,3124.74,11304.419270188955
Buy,2020-06-17,3113.49,11284.06962241192
Buy,2020-06-18,3115.34,11287.422054698754
Buy,2020-06-19,3097.74,11255.538114556955
Buy,2020-06-22,3117.86,11292.090799234315
Buy,2020-06-23,3131.29,11316.410810305004
Buy,2020-06-24,3050.33,11170.11701139109
Buy,2020-06-25,3083.76,11231.326292303453
Buy,2020-06-26,3009.05,11095.27608293275
Buy,2020-06-29,3053.24,11176.747020621522
Buy,2020-06-30,3100.29,11262.863072310915
Buy,2020-07-01,3115.86,11291.144745644035
Buy,2020-07-02,3130.01,11316.782883774576
Buy,2020-07-06,3179.72,11406.647976402464
Buy,2020-07-07,3145.32,11344.9462085757
Buy,2020-07-08,3169.94,11389.34750568619
Buy,2020-07-09,3152.05,11357.208817433931
Buy,2020-07-10,3185.04,11416.642252640724
Buy,2020-07-13,3155.22,11363.19798318512
Buy,2020-07-14,3197.52,11439.367517272876
Buy,2020-07-15,3226.56,11491.313905833636
Buy,2020-07-16,3215.57,11471.743598784471
Buy,2020-07-17,3224.73,11488.083030263939
Buy,2020-07-20,3251.84,11536.372643805298
Buy,2020-07-21,3257.3,11546.057713586588
Buy,2020-07-22,3276.02,11579.235836633028
Buy,2020-07-23,3235.66,11507.908744862143
Buy,2020-07-24,3215.63,11472.289518466356
Buy,2020-07-27,3239.41,11514.709051302709
Buy,2020-07-28,3218.44,11477.439386640654
Buy,2020-07-29,3258.44,11548.762384034675
Buy,2020-07-30,3246.22,11527.10694825361
Buy,2020-07-31,3271.12,11571.316053460821
Buy,2020-08-03,3294.61,11612.863018123659
Buy,2020-08-04,3306.51,11633.83561729559
Buy,2020-08-05,3327.77,11671.236887097239
Buy,2020-08-06,3349.16,11708.746654451204
Buy,2020-08-07,3351.28,11712.452440813671
Buy,2020-08-10,3360.47,11728.511594022457
Buy,2020-08-11,3333.69,11681.778616122354
Buy,2020-08-12,3380.35,11763.530637190339
Buy,2020-08-13,3373.43,11751.489926611648
Buy,2020-08-14,3372.85,11750.479699015783
Buy,2020-08-17,3381.99,11766.400861304204
Buy,2020-08-18,3389.78,11779.952093376085
Buy,2020-08-19,3374.85,11754.010190840507
Buy,2020-08-20,3385.51,11772.57364531024
Buy,2020-08-21,3397.16,11792.829158211967
Buy,2020-08-24,3431.28,11852.050880308983
Buy,2020-08-25,3443.62,11873.36279712472
Buy,2020-08-26,3478.73,11933.891218931867
Buy,2020-08-27,3484.55,11943.874064236647
Buy,2020-08-28,3508.01,11984.080588113042
Buy,2020-08-31,3500.31,11970.928199646578
Buy,2020-09-01,3526.65,12015.969102992094
Buy,2020-09-02,3580.84,12108.286935168684
Buy,2020-09-03,3455.06,11895.63008220883
Buy,2020-09-04,3426.96,11847.256507609538
Buy,2020-09-08,3331.84,11682.838037740643
Buy,2020-09-09,3398.96,11800.513569742952
Buy,2020-09-10,3339.19,11696.758789447871
Buy,2020-09-11,3340.97,11699.876346496918
Buy,2020-09-14,3383.54,11774.415138534916
Buy,2020-09-15,3401.2,11805.142745027897
Buy,2020-09-16,3385.49,11777.879015678787
Buy,2020-09-17,3357.01,11728.339068083827
Buy,2020-09-18,3319.47,11662.762580582172
Buy,2020-09-21,3281.06,11595.286942796598
Buy,2020-09-22,3315.57,11656.266222723803
Buy,2020-09-23,3236.92,11518.014679487313
Buy,2020-09-24,3246.59,11535.21918283473
Buy,2020-09-25,3298.46,11627.36691615086
Buy,2020-09-28,3351.6,11721.028545808982
Buy,2020-09-29,3335.47,11692.824077727484
Buy,2020-09-30,3363.0,11741.078663566937
Buy,2020-10-01,3380.8,11772.150801570431
Buy,2020-10-02,3348.42,11715.776238899636
Buy,2020-10-05,3408.6,11821.058045551277
Buy,2020-10-06,3360.97,11738.467393273273
Buy,2020-10-07,3419.44,11840.57306343467
Buy,2020-10-08,3446.83,11887.995053030549
Buy,2020-10-09,3477.14,11940.264113305839
Buy,2020-10-12,3534.22,12038.268547350412
Buy,2020-10-13,3511.93,12000.306421913901
Buy,2020-10-14,3488.67,11960.56657411316
Buy,2020-10-15,3483.34,11951.42988020975
Buy,2020-10-16,3483.81,11952.23617130446
Buy,2020-10-19,3426.92,11854.64722188048
Buy,2020-10-20,3443.12,11882.667322290536
Buy,2020-10-21,3435.56,11869.622037061366
Buy,2020-10-22,3453.49,11900.59549162547
Buy,2020-10-23,3465.39,11921.098965842906
Buy,2020-10-26,3400.97,11810.295103163728
Buy,2020-10-27,3390.68,11792.428445032143
Buy,2020-10-28,3271.03,11584.363386777148
Buy,2020-10-29,3310.11,11653.564360347438
Buy,2020-10-30,3269.96,11582.888369358023
Buy,2020-11-02,3310.24,11654.22849943878
Buy,2020-11-03,3369.16,11757.947133614387
Buy,2020-11-04,3443.44,11887.56108977629
Buy,2020-11-05,3510.45,12003.228194274396
Buy,2020-11-06,3509.44,12001.501455469368
Buy,2020-11-09,3550.5,12071.709472953862
Buy,2020-11-10,3545.53,12063.260466323729
Buy,2020-11-11,3572.66,12109.413827944045
Buy,2020-11-12,3537.01,12048.996575397456
Buy,2020-11-13,3585.15,12130.992200959672
Buy,2020-11-16,3626.91,12201.643391887816
Buy,2020-11-17,3609.53,12172.408511211013
Buy,2020-11-18,3567.79,12102.028665184253
Buy,2020-11-19,3581.87,12125.908512877893
Buy,2020-11-20,3557.54,12084.7256455323
Buy,2020-11-23,3577.59,12118.779900606442
Buy,2020-11-24,3635.41,12216.710051050324
Buy,2020-11-25,3629.65,12207.031878589165
Buy,2020-11-27,3638.35,12221.661550505703
Buy,2020-11-30,3621.63,12193.5792905356
Buy,2020-12-01,3662.45,12262.297230612257
Buy,2020-12-02,3669.01,12273.279041945221
Buy,2020-12-03,3666.72,12269.448879448246
Buy,2020-12-04,3699.12,12323.656746928464
Buy,2020-12-07,3691.96,12311.729939700257
Buy,2020-12-08,3702.25,12328.88718152838
Buy,2020-12-09,3672.82,12279.884662823217
Buy,2020-12-10,3668.1,12271.994124271296
Buy,2020-12-11,3663.46,12264.232333052869
Buy,2020-12-14,3647.49,12237.500801883038
Buy,2020-12-15,3694.62,12316.562487150544
Buy,2020-12-16,3701.17,12327.480184273772
Buy,2020-12-17,3722.48,12362.968773385712
Buy,2020-12-18,3709.41,12341.2649627718
Buy,2020-12-21,3694.92,12317.160734699066
Buy,2020-12-22,3687.26,12304.393279486532
Buy,2020-12-23,3690.01,12308.981656969892
Buy,2020-12-24,3703.06,12330.74748018222
Buy,2020-12-28,3735.36,12384.525051111383
Buy,2020-12-29,3727.04,12370.732639078105
Buy,2020-12-30,3732.04,12379.03059981845
Buy,2020-12-31,3756.07,12418.883884525158
Buy,2021-01-04,3700.65,12327.264912450572
Buy,2021-01-05,3726.86,12370.919083117256
Buy,2021-01-06,3748.14,12406.23744201573
Buy,2021-01-07,3803.79,12498.337405417335
Buy,2021-01-08,3824.68,12532.657158663329
Buy,2021-01-11,3799.61,12491.582648512456
Buy,2021-01-12,3801.19,12494.179849354734
Buy,2021-01-13,3809.84,12508.395746967972
Buy,2021-01-14,3795.54,12484.92100010437
Buy,2021-01-15,3768.25,12440.037598257353
Buy,2021-01-19,3798.91,12490.646176876417
Buy,2021-01-20,3851.85,12577.67835302745
Buy,2021-01-21,3853.07,12579.670222855026
Buy,2021-01-22,3841.47,12560.734131039262
Buy,2021-01-25,3855.36,12583.442703158807
Buy,2021-01-26,3849.62,12574.075359886567
Buy,2021-01-27,3750.77,12412.637692100554
Buy,2021-01-28,3787.38,12473.215475583385
Buy,2021-01-29,3714.24,12352.777206927458
Buy,2021-02-01,3773.86,12451.918966355634
Buy,2021-02-02,3826.31,12538.448825675448
Buy,2021-02-03,3830.17,12544.7732495286
Buy,2021-02-04,3871.74,12612.849369385278
Buy,2021-02-05,3886.83,12637.428485878641
Buy,2021-02-08,3915.59,12684.182838815852
Buy,2021-02-09,3911.23,12677.120935350826
Buy,2021-02-10,3909.88,12674.933118057708
Buy,2021-02-11,3916.38,12685.468871746743
Buy,2021-02-12,3934.83,12715.349386492979
Buy,2021-02-16,3932.59,12711.730121794664
Buy,2021-02-17,3931.33,12709.6937055965
Buy,2021-02-18,3913.97,12681.631919543288
Buy,2021-02-19,3906.71,12669.87037720445
Buy,2021-02-22,3876.5,12620.883277561099
Buy,2021-02-23,3881.37,12628.81100896336
Buy,2021-02-24,3925.43,12700.490005433025
Buy,2021-02-25,3829.34,12545.04333021247
Buy,2021-02-26,3811.15,12515.24781216281
Buy,2021-03-01,3901.82,12664.121186226912
Buy,2021-03-02,3870.29,12612.952790324265
Buy,2021-03-03,3819.72,12530.551081071639
Buy,2021-03-04,3768.47,12446.488539457996
Buy,2021-03-05,3841.94,12567.816759265237
Buy,2021-03-08,3821.35,12534.139587436255
Buy,2021-03-09,3875.44,12622.84797717868
Buy,2021-03-10,3898.81,12660.907650045074
Buy,2021-03-11,3939.34,12726.715753935277
Buy,2021-03-12,3943.34,12733.177098096448
Buy,2021-03-15,3968.94,12774.50872733857
Buy,2021-03-16,3962.71,12764.482726772761
Buy,2021-03-17,3974.12,12782.859386673748
Buy,2021-03-18,3915.46,12688.518685886873
Buy,2021-03-19,3913.1,12684.694754075706
Buy,2021-03-22,3940.59,12729.250510226782
Buy,2021-03-23,3910.52,12680.68309229666
Buy,2021-03-24,3889.14,12646.018520255946
Buy,2021-03-25,3909.52,12679.152562414729
Buy,2021-03-26,3974.54,12784.587308829661
Buy,2021-03-29,3971.09,12779.038638264581
Buy,2021-03-30,3958.55,12758.86166613302
Buy,2021-03-31,3972.89,12781.971400289762
Buy,2021-04-01,4019.87,12857.545732373663
Buy,2021-04-05,4077.91,12950.366141280787
Buy,2021-04-06,4073.94,12944.062305053298
Buy,2021-04-07,4079.95,12953.610041943552
Buy,2021-04-08,4097.17,12980.946304020572
Buy,2021-04-09,4128.8,13031.052515331816
Buy,2021-04-12,4127.99,13029.774280428524
Buy,2021-04-13,4141.59,13051.238107886178
Buy,2021-04-14,4124.66,13024.562669085317
Buy,2021-04-15,4170.42,13096.811531747615
Buy,2021-04-16,4185.47,13120.443086069818
Buy,2021-04-19,4163.26,13085.631578528059
Buy,2021-04-20,4134.94,13041.124979576285
Buy,2021-04-21,4173.42,13101.805725755687
Buy,2021-04-22,4134.98,13041.467512479998
Buy,2021-04-23,4180.17,13112.730724985135
Buy,2021-04-26,4187.62,13124.41563778786
Buy,2021-04-27,4186.72,13123.005293239645
Buy,2021-04-28,4183.18,13117.4573417719
Buy,2021-04-29,4211.47,13161.81269681265
Buy,2021-04-30,4181.17,13114.465461202113
Buy,2021-05-03,4192.66,13132.484963895045
Buy,2021-05-04,4164.66,13088.633378148877
Buy,2021-05-05,4167.59,13093.237559018142
Buy,2021-05-06,4201.62,13146.693258131225
Buy,2021-05-07,4232.6,13195.160820302115
Buy,2021-05-10,4188.43,13126.310674595841
Buy,2021-05-11,4152.1,13069.382557519984
Buy,2021-05-12,4063.04,12929.217434982866
Buy,2021-05-13,4112.5,13007.912093949335
Buy,2021-05-14,4173.85,13104.93767534311
Buy,2021-05-17,4163.29,13088.359678786977
Buy,2021-05-18,4127.83,13032.620919991676
Buy,2021-05-19,4115.68,13013.440582601583
Buy,2021-05-20,4159.12,13082.117430523214
Buy,2021-05-21,4155.86,13076.990420143193
Buy,2021-05-24,4197.05,13141.795446708778
Buy,2021-05-25,4188.13,13127.830302692786
Buy,2021-05-26,4195.99,13140.149016077896
Buy,2021-05-27,4200.88,13147.80577034669
Buy,2021-05-28,4204.11,13152.860355652412
Buy,2021-06-01,4202.04,13149.622283749417
Buy,2021-06-02,4208.12,13159.135484895192
Buy,2021-06-03,4192.85,13135.260215314674
Buy,2021-06-04,4229.89,13193.279228441217
Buy,2021-06-07,4226.52,13188.023612928775
Buy,2021-06-08,4227.26,13189.178125089318
Buy,2021-06-09,4219.55,13177.150409341477
Buy,2021-06-10,4239.18,13207.801481438664
Buy,2021-06-11,4247.44,13220.669116245004
Buy,2021-06-14,4255.15,13232.668268544536
Buy,2021-06-15,4246.59,13219.35832172965
Buy,2021-06-16,4223.7,13183.730781516868
Buy,2021-06-17,4221.86,13180.859121048796
Buy,2021-06-18,4166.45,13094.362718527476
Buy,2021-06-21,4224.79,13186.03850018799
Buy,2021-06-22,4246.44,13219.82452665665
Buy,2021-06-23,4241.84,13212.664270910353
Buy,2021-06-24,4266.49,13251.054706933155
Buy,2021-06-25,4280.7,13273.12173244892
Buy,2021-06-28,4290.61,13288.485649141117
Buy,2021-06-29,4291.8,13290.328428830077
Buy,2021-06-30,4297.5,13299.153964973924
Buy,2021-07-01,4319.94,13333.875665378115
Buy,2021-07-02,4352.34,13383.87839360562
Buy,2021-07-06,4343.54,13370.347955971643
Buy,2021-07-07,4358.13,13392.803530995428
Buy,2021-07-08,4320.82,13335.475560083427
Buy,2021-07-09,4369.55,13410.673985850164
Buy,2021-07-12,4384.63,13433.815151840554
Buy,2021-07-13,4369.21,13410.192927201146
Buy,2021-07-14,4374.3,13418.004165617182
Buy,2021-07-15,4360.03,13396.117815864836
Buy,2021-07-16,4327.16,13345.621558659326
Buy,2021-07-19,4258.49,13239.727180772545
Buy,2021-07-20,4323.06,13340.101865703411
Buy,2021-07-21,4358.69,13395.075406375412
Buy,2021-07-22,4367.48,13408.582069251419
Buy,2021-07-23,4411.79,13476.60004202846
Buy,2021-07-26,4422.3,13492.652377525132
Buy,2021-07-27,4401.46,13460.860450750872
Buy,2021-07-28,4400.64,13459.60655936374
Buy,2021-07-29,4419.15,13487.913500787467
Buy,2021-07-30,4395.26,13451.455555986566
Buy,2021-08-02,4387.16,13439.060749990618
Buy,2021-08-03,4423.15,13494.18431471041
Buy,2021-08-04,4402.66,13462.928780011336
Buy,2021-08-05,4429.1,13503.354322404288
Buy,2021-08-06,4436.52,13514.665298570128
Buy,2021-08-09,4432.35,13508.313906680196
Buy,2021-08-10,4436.75,13515.018767666963
Buy,2021-08-11,4442.41,13523.6393803029
Buy,2021-08-12,4460.83,13551.676576035079
Buy,2021-08-13,4468.0,13562.567544873857
Buy,2021-08-16,4479.71,13580.340336497678
Buy,2021-08-17,4448.08,13532.396812827237
Buy,2021-08-18,4400.27,13459.670615049627
Buy,2021-08-19,4405.8,13468.128275431969
Buy,2021-08-20,4441.67,13522.953932661047
Buy,2021-08-23,4479.53,13580.587551985596
Buy,2021-08-24,4486.23,13590.74374433148
Buy,2021-08-25,4496.19,13605.830332367932
Buy,2021-08-26,4470.0,13566.20381564992
Buy,2021-08-27,4509.37,13625.946706502507
Buy,2021-08-30,4528.79,13655.287377709381
Buy,2021-08-31,4522.68,13646.07588789888
Buy,2021-09-01,4524.09,13648.203052213174
Buy,2021-09-02,4536.95,13667.60097436453
Buy,2021-09-03,4535.43,13665.311467814863
Buy,2021-09-07,4520.03,13642.111264459905
Buy,2021-09-08,4514.07,13633.117188852422
Buy,2021-09-09,4493.28,13601.722847785908
Buy,2021-09-10,4458.58,13549.20221888918
Buy,2021-09-13,4468.73,13564.624663089096
Buy,2021-09-14,4443.05,13525.649432839326
Buy,2021-09-15,4480.7,13582.956991964971
Buy,2021-09-16,4473.75,13572.422750541293
Buy,2021-09-17,4432.99,13510.594088757323
Buy,2021-09-20,4357.73,13395.90769073704
Buy,2021-09-21,4354.19,13390.466610951784
Buy,2021-09-22,4395.64,13454.202327700934
Buy,2021-09-23,4448.98,13535.834030042295
Buy,2021-09-24,4455.48,13545.722017985068
Buy,2021-09-27,4443.11,13526.91814260436
Buy,2021-09-28,4352.63,13389.186288841698
Buy,2021-09-29,4359.46,13399.691218315693
Buy,2021-09-30,4307.54,13319.897853076081
Buy,2021-10-01,4357.04,13396.430507877576
Buy,2021-10-04,4300.46,13309.448286216115
Buy,2021-10-05,4345.72,13379.485634480503
Buy,2021-10-06,4363.55,13406.932896253325
Buy,2021-10-07,4399.76,13462.560199730235
Buy,2021-10-08,4391.34,13449.678274706856
Buy,2021-10-11,4361.19,13403.50696936698
Buy,2021-10-12,4350.65,13387.310362081224
Buy,2021-10-13,4363.8,13407.542181609499
Buy,2021-10-14,4438.26,13521.929366040802
Buy,2021-10-15,4471.37,13572.3670467208
Buy,2021-10-18,4486.46,13595.269090024643
Buy,2021-10-19,4519.63,13645.526428295365
Buy,2021-10-20,4536.19,13670.525146957354
Buy,2021-10-21,4549.78,13691.002952863539
Buy,2021-10-22,4544.9,13683.660609452432
Buy,2021-10-25,4566.48,13716.146846328049
Buy,2021-10-26,4574.79,13728.627047740623
Buy,2021-10-27,4551.68,13693.951295293704
Buy,2021-10-28,4596.42,13761.252531425356
Buy,2021-10-29,4605.38,13774.665233341366
Buy,2021-11-01,4613.67,13787.062904628468
Buy,2021-11-02,4630.65,13812.433632066775
Buy,2021-11-03,4660.57,13857.056742674513
Buy,2021-11-04,4680.06,13886.03109945005
Buy,2021-11-05,4697.53,13911.948391462052
Buy,2021-11-08,4701.7,13918.123213633746
Buy,2021-11-09,4685.25,13893.775304700352
Buy,2021-11-10,4646.71,13836.631491644148
Buy,2021-11-11,4649.27,13840.44298156052
Buy,2021-11-12,4682.85,13890.425244939588
Buy,2021-11-15,4682.8,13890.35108910903
Buy,2021-11-16,4700.9,13917.195643084522
Buy,2021-11-17,4688.67,13899.091949885888
Buy,2021-11-18,4704.54,13922.61446151975
Buy,2021-11-19,4697.96,13912.878036369066
Buy,2021-11-22,4682.94,13890.637379987757
Buy,2021-11-23,4690.7,13902.146319464742
Buy,2021-11-24,4701.46,13918.091391031614
Buy,2021-11-26,4594.62,13759.948081908722
Buy,2021-11-29,4655.27,13850.765260605522
Buy,2021-11-30,4567.0,13719.450959871767
Buy,2021-12-01,4513.04,13638.401959018396
Buy,2021-12-02,4577.1,13735.196584093148
Buy,2021-12-03,4538.43,13677.17512379002
Buy,2021-12-06,4591.67,13757.398108785997
Buy,2021-12-07,4686.75,13899.835763515472
Buy,2021-12-08,4701.21,13921.278301003116
Buy,2021-12-09,4667.45,13871.29304662798
Buy,2021-12-10,4712.02,13937.522307904288
Buy,2021-12-13,4668.97,13873.854248838825
Buy,2021-12-14,4634.09,13822.031251882376
Buy,2021-12-15,4709.85,13935.015363934863
Buy,2021-12-16,4668.67,13874.095808886736
Buy,2021-12-17,4620.64,13802.729357445445
Buy,2021-12-20,4568.02,13724.136389935666
Buy,2021-12-21,4649.23,13846.129848395422
Buy,2021-12-22,4696.56,13916.607898064352
Buy,2021-12-23,4725.79,13959.914323284132
Buy,2021-12-27,4791.19,14056.509643510251
Buy,2021-12-28,4786.35,14049.409788706478
Buy,2021-12-29,4793.06,14059.257745884936
Buy,2021-12-30,4778.73,14038.240987958001
Buy,2021-12-31,4766.18,14019.807227900532
Buy,2022-01-03,4796.56,14064.488895775394
Buy,2022-01-04,4793.54,14060.061268844296
Buy,2022-01-05,4700.58,13923.729529091237
Buy,2022-01-06,4696.05,13917.02030440335
Buy,2022-01-07,4677.03,13888.83686021198
Buy,2022-01-10,4670.29,13878.829359678755
Buy,2022-01-11,4713.07,13942.39461151612
Buy,2022-01-12,4726.35,13962.037328518089
Buy,2022-01-13,4659.03,13862.602843878161
Buy,2022-01-14,4662.85,13868.285909115306
Buy,2022-01-18,4577.11,13740.78161090203
Buy,2022-01-19,4532.76,13674.210820114447
Buy,2022-01-20,4482.73,13598.746779736142
Buy,2022-01-21,4397.94,13470.137903063465
Buy,2022-01-24,4410.13,13488.805845445393
Buy,2022-01-25,4356.45,13406.713129608954
Buy,2022-01-26,4349.93,13396.680675477144
Buy,2022-01-27,4326.51,13360.616846700626
Buy,2022-01-28,4431.85,13523.26611581493
Buy,2022-01-31,4515.55,13650.96644117496
Buy,2022-02-01,4546.54,13697.809400505717
Buy,2022-02-02,4589.38,13762.343546770533
Buy,2022-02-03,4477.44,13594.504237688969
Buy,2022-02-04,4500.53,13629.55742688282
Buy,2022-02-07,4483.87,13604.3305728532
Buy,2022-02-08,4521.54,13661.47709278792
Buy,2022-02-09,4587.18,13760.64013860534
Buy,2022-02-10,4504.08,13635.998289417155
Buy,2022-02-11,4418.64,13506.664474981377
Buy,2022-02-14,4401.67,13480.72797685747
Buy,2022-02-15,4471.07,13587.001564108888
Buy,2022-02-16,4475.01,13592.988138481756
Buy,2022-02-17,4380.26,13449.085038139952
Buy,2022-02-18,4348.87,13400.895343995402
Buy,2022-02-22,4304.76,13332.933609841055
Buy,2022-02-23,4225.5,13210.189447806933
Buy,2022-02-24,4288.7,13308.980593600496
Buy,2022-02-25,4384.65,13457.859821333372
Buy,2022-02-28,4373.94,13441.423654400267
Buy,2022-03-01,4306.26,13337.430966694239
Buy,2022-03-02,4386.54,13461.753343653156
Buy,2022-03-03,4363.49,13426.384531950629
Buy,2022-03-04,4328.87,13373.12195629489
Buy,2022-03-07,4201.09,13175.747407789697
Buy,2022-03-08,4170.7,13128.091803681866
Buy,2022-03-09,4277.88,13296.776782164929
Buy,2022-03-10,4259.52,13268.24292640921
Buy,2022-03-11,4204.31,13182.254400475882
Buy,2022-03-14,4173.11,13133.341934780578
Buy,2022-03-15,4262.45,13273.92447016226
Buy,2022-03-16,4357.86,13422.485172774394
Buy,2022-03-17,4411.67,13505.354279072782
Buy,2022-03-18,4463.12,13584.105690404353
Buy,2022-03-21,4461.18,13581.153365008735
Buy,2022-03-22,4511.61,13657.915293937558
Buy,2022-03-23,4456.24,13574.10499452944
Buy,2022-03-24,4520.16,13671.458008645637
Buy,2022-03-25,4543.06,13706.08912661469
Buy,2022-03-28,4575.52,13755.053883083889
Buy,2022-03-29,4631.6,13839.34850115608
Buy,2022-03-30,4602.45,13795.797999298331
Buy,2022-03-31,4530.41,13687.828408333795
Buy,2022-04-01,4545.86,13711.168122499705
Buy,2022-04-04,4582.64,13766.635818771207
Buy,2022-04-05,4525.12,13680.238360941688
Buy,2022-04-06,4481.15,13613.773816274297
Buy,2022-04-07,4500.21,13642.726041589025
Buy,2022-04-08,4488.28,13624.642694181219
Buy,2022-04-11,4412.53,13509.669176031257
Buy,2022-04-12,4397.45,13486.58425522907
Buy,2022-04-13,4446.59,13561.938238822058
Buy,2022-04-14,4392.59,13479.589218011011
Buy,2022-04-18,4391.69,13478.20829806444
Buy,2022-04-19,4462.21,13586.422134785556
Buy,2022-04-20,4459.45,13582.220346311682
Buy,2022-04-21,4393.66,13482.031502778977
Buy,2022-04-22,4271.78,13295.035922834386
Buy,2022-04-25,4296.12,13332.912542693297
Buy,2022-04-26,4175.2,13145.27628199033
Buy,2022-04-27,4183.96,13159.066354349765
Buy,2022-04-28,4287.5,13321.889341463573
Buy,2022-04-29,4131.93,13080.199974133953
Buy,2022-05-02,4155.38,13117.317094873346
Buy,2022-05-03,4175.48,13149.042000129537
Buy,2022-05-04,4300.17,13345.373206002414
Buy,2022-05-05,4146.87,13107.493574211092
Buy,2022-05-06,4123.34,13070.30657247229
Buy,2022-05-09,3991.24,12860.938984761406
Buy,2022-05-10,4001.05,12876.744324886344
Buy,2022-05-11,3935.18,12770.748255269586
Buy,2022-05-12,3930.08,12762.472799496041
Buy,2022-05-13,4023.89,12914.791273079369
Buy,2022-05-16,4008.01,12889.307613558793
Buy,2022-05-17,4088.85,13019.293769716098
Buy,2022-05-18,3923.68,12756.335144192539
Buy,2022-05-19,3900.79,12719.126132314586
Buy,2022-05-20,3901.36,12720.055418676506
Buy,2022-05-23,3973.75,12838.0661651544
Buy,2022-05-24,3941.48,12785.93852814282
Buy,2022-05-25,3978.73,12846.356976311188
Buy,2022-05-26,4057.84,12974.070505552427
Buy,2022-05-27,4158.24,13134.57420687597
Buy,2022-05-31,4132.15,13093.36914883971
Buy,2022-06-01,4101.23,13044.38169992303
Buy,2022-06-02,4176.82,13164.5925650412
Buy,2022-06-03,4108.54,13056.989366873573
Buy,2022-06-06,4121.43,13077.471654126344
Buy,2022-06-07,4160.68,13139.742608919276
Buy,2022-06-08,4115.77,13068.828017967007
Buy,2022-06-09,4017.82,12913.317420392328
Buy,2022-06-10,3900.86,12725.36206083303
Sell,2022-06-13,3749.63,12972.032859638904
Sell,2022-06-14,3735.48,12996.5091766307
Sell,2022-06-15,3789.99,12901.683382459918
Sell,2022-06-16,3666.77,13111.412883908037
Sell,2022-06-17,3674.84,13096.984776612904
Sell,2022-06-21,3764.79,12936.695651010656
Sell,2022-06-22,3759.89,12945.11442187038
Sell,2022-06-23,3795.73,12883.416752406667
Buy,2022-06-24,3911.74,13080.296559116667
Sell,2022-06-27,3900.11,13099.741083673836
Sell,2022-06-28,3821.55,13231.675267521652
Sell,2022-06-29,3818.83,13236.38411036391
Sell,2022-06-30,3785.38,13294.35435890753
Sell,2022-07-01,3825.33,13224.201632280567
Sell,2022-07-05,3831.39,13213.726893906149
Buy,2022-07-06,3845.08,13237.333981826927
Buy,2022-07-07,3902.62,13336.379540997908
Buy,2022-07-08,3899.38,13330.843533173314
Buy,2022-07-11,3854.43,13254.008059737007
Sell,2022-07-12,3818.8,13315.267481644842
Sell,2022-07-13,3801.78,13344.939872518624
Sell,2022-07-14,3790.38,13364.947910141358
Buy,2022-07-15,3863.16,13493.259703272928
Sell,2022-07-18,3830.85,13549.68594772213
Buy,2022-07-19,3936.69,13736.863566358583
Buy,2022-07-20,3959.9,13777.358576554354
Buy,2022-07-21,3998.95,13845.290323873029
Buy,2022-07-22,3961.63,13780.685085637124
Buy,2022-07-25,3966.84,13789.746680144457
Buy,2022-07-26,3921.05,13710.157825982982
Buy,2022-07-27,4023.61,13889.461046629596
Buy,2022-07-28,4072.43,13973.724119876812
Buy,2022-07-29,4130.29,14072.991593789939
Buy,2022-08-01,4118.63,14053.127240199321
Buy,2022-08-02,4091.19,14006.313395368506
Buy,2022-08-03,4155.17,14115.832133319527
Buy,2022-08-04,4151.94,14110.345698614012
Buy,2022-08-05,4145.19,14098.875779315365
Buy,2022-08-08,4140.06,14090.1515431829
Buy,2022-08-09,4122.47,14060.218913505481
Buy,2022-08-10,4210.24,14209.894401021264
Buy,2022-08-11,4207.27,14204.882408074183
Buy,2022-08-12,4280.15,14327.913712209696
Buy,2022-08-15,4297.14,14356.35094618169
Buy,2022-08-16,4305.2,14369.814806868824
Buy,2022-08-17,4274.04,14317.812178723554
Buy,2022-08-18,4283.74,14334.059427010143
Buy,2022-08-19,4228.48,14241.605155283032
Buy,2022-08-22,4137.99,14089.219090964227
Buy,2022-08-23,4128.73,14073.454653546261
Buy,2022-08-24,4140.77,14093.974812775457
Buy,2022-08-25,4199.12,14193.278013668702
Buy,2022-08-26,4057.66,13954.2063620115
Buy,2022-08-29,4030.61,13907.694174926775
Buy,2022-08-30,3986.16,13831.006402347004
Buy,2022-08-31,3955.0,13776.94758891539
Buy,2022-09-01,3966.85,13797.586884608012
Buy,2022-09-02,3924.26,13723.51813668265
Buy,2022-09-06,3908.19,13695.418961748204
Buy,2022-09-07,3979.87,13821.012603712657
Buy,2022-09-08,4006.18,13866.696362428856
Buy,2022-09-09,4067.36,13972.57833521258
Buy,2022-09-12,4110.41,14046.523043491525
Buy,2022-09-13,3932.69,13742.861355814466
Buy,2022-09-14,3946.01,13766.134854775668
Buy,2022-09-15,3901.35,13688.233939342828
Buy,2022-09-16,3873.33,13639.078606575917
Buy,2022-09-19,3899.89,13685.84120204166
Buy,2022-09-20,3855.93,13608.707029123738
Sell,2022-09-21,3789.93,13725.173700448446
Sell,2022-09-22,3757.99,13783.00881191387
Sell,2022-09-23,3693.23,13901.767463568018
Sell,2022-09-26,3655.04,13973.64336886415
Sell,2022-09-27,3647.29,13988.45794491649
Sell,2022-09-28,3719.04,13850.86649242056
Sell,2022-09-29,3640.47,13997.17610193128
Sell,2022-09-30,3585.62,14102.621979687576
Sell,2022-10-03,3678.43,13920.106215895707
Sell,2022-10-04,3790.93,13707.242038884282
Sell,2022-10-05,3783.28,13721.072471205303
Sell,2022-10-06,3744.52,13791.359202425821
Sell,2022-10-07,3639.66,13984.46298154389
Sell,2022-10-10,3612.39,14036.851982921313
Sell,2022-10-11,3588.84,14082.606713750181
Sell,2022-10-12,3577.03,14105.777931370552
Sell,2022-10-13,3669.91,13922.644905610956
Sell,2022-10-14,3583.07,14087.368629571933
Sell,2022-10-17,3677.95,13900.851266587986
Sell,2022-10-18,3719.98,13821.424849870155
Sell,2022-10-19,3695.16,13867.533668301137
Sell,2022-10-20,3665.78,13922.663640910534
Sell,2022-10-21,3752.75,13757.507240792416
Sell,2022-10-24,3797.34,13675.774211964632
Buy,2022-10-25,3859.11,13787.003726976858
Buy,2022-10-26,3830.6,13736.076508491753
Buy,2022-10-27,3807.3,13694.300992561108
Buy,2022-10-28,3901.06,13862.921492792575
Buy,2022-10-31,3871.98,13811.25172137014
Buy,2022-11-01,3856.1,13782.929948357965
Sell,2022-11-02,3759.69,13955.229976407185
Sell,2022-11-03,3719.89,14029.09486328097
Sell,2022-11-04,3770.55,13933.565970521531
Sell,2022-11-07,3806.8,13866.587443989407
Sell,2022-11-08,3828.11,13827.775715184189
Buy,2022-11-09,3748.57,13684.11980138002
Buy,2022-11-10,3956.37,14063.405781730762
Buy,2022-11-11,3992.93,14128.38429933403
Buy,2022-11-14,3957.25,14065.260133395705
Buy,2022-11-15,3991.73,14126.536293532097
Buy,2022-11-16,3958.79,14068.249772962201
Buy,2022-11-17,3946.56,14046.519055404144
Buy,2022-11-18,3965.34,14079.939759493336
Buy,2022-11-21,3949.94,14052.598967493634
Buy,2022-11-22,4003.58,14148.0157850423
Buy,2022-11-23,4027.26,14189.856464358038
Buy,2022-11-25,4026.12,14187.848096836526
Buy,2022-11-28,3963.94,14078.288471854994
Buy,2022-11-29,3957.63,14067.08320635433
Buy,2022-11-30,4080.11,14284.755948767626
Buy,2022-12-01,4076.57,14278.559052598328
Buy,2022-12-02,4071.7,14270.030242521945
Buy,2022-12-05,3998.84,14142.354529248601
Buy,2022-12-06,3941.26,14040.535404978296
Buy,2022-12-07,3933.92,14027.461219327954
Buy,2022-12-08,3963.51,14080.216813935866
Buy,2022-12-09,3934.38,14028.475211695686
Buy,2022-12-12,3990.56,14128.633271846595
Buy,2022-12-13,4019.65,14180.13004697064
Buy,2022-12-14,3995.32,14137.215543961323
Buy,2022-12-15,3895.75,13961.054116126728
Buy,2022-12-16,3852.36,13883.306553000406
Sell,2022-12-19,3817.66,13945.833255773397
Sell,2022-12-20,3821.62,13938.600356603112
Buy,2022-12-21,3878.44,14042.220192204531
Sell,2022-12-22,3822.39,14143.687076025484
Buy,2022-12-23,3844.82,14185.185052568335
Sell,2022-12-27,3829.25,14213.907246490091
Sell,2022-12-28,3783.22,14299.337311196748
Buy,2022-12-29,3849.28,14424.179935043321
Buy,2022-12-30,3839.5,14405.855926428108
